<?xml version="1.0" encoding="UTF-8"?>
<!DOCTYPE mapper PUBLIC "-//mybatis.org//DTD Mapper 3.0//EN" "http://mybatis.org/dtd/mybatis-3-mapper.dtd">
<mapper namespace="com.shenshenshen.ncwuwdsq.mapper.AnswerinfoMapper">
  <resultMap id="BaseResultMap" type="com.shenshenshen.ncwuwdsq.domain.Answerinfo">
    <result column="answerid" jdbcType="VARCHAR" property="answerid" />
    <result column="creatuser" jdbcType="VARCHAR" property="creatuser" />
    <result column="creatdate" jdbcType="TIMESTAMP" property="creatdate" />
    <result column="questionid" jdbcType="VARCHAR" property="questionid" />
    <result column="hot" jdbcType="INTEGER" property="hot" />
    <result column="agreenum" jdbcType="INTEGER" property="agreenum" />
    <result column="againnum" jdbcType="INTEGER" property="againnum" />
    <result column="likenum" jdbcType="INTEGER" property="likenum" />
    <result column="commentnum" jdbcType="INTEGER" property="commentnum" />
    <result column="is_draft" jdbcType="INTEGER" property="isDraft" />
  </resultMap>
  <resultMap extends="BaseResultMap" id="ResultMapWithBLOBs" type="com.shenshenshen.ncwuwdsq.domain.Answerinfo">
    <result column="contant" jdbcType="LONGVARCHAR" property="contant" />
  </resultMap>
  <sql id="Example_Where_Clause">
    <where>
      <foreach collection="oredCriteria" item="criteria" separator="or">
        <if test="criteria.valid">
          <trim prefix="(" prefixOverrides="and" suffix=")">
            <foreach collection="criteria.criteria" item="criterion">
              <choose>
                <when test="criterion.noValue">
                  and ${criterion.condition}
                </when>
                <when test="criterion.singleValue">
                  and ${criterion.condition} #{criterion.value}
                </when>
                <when test="criterion.betweenValue">
                  and ${criterion.condition} #{criterion.value} and #{criterion.secondValue}
                </when>
                <when test="criterion.listValue">
                  and ${criterion.condition}
                  <foreach close=")" collection="criterion.value" item="listItem" open="(" separator=",">
                    #{listItem}
                  </foreach>
                </when>
              </choose>
            </foreach>
          </trim>
        </if>
      </foreach>
    </where>
  </sql>
  <sql id="Update_By_Example_Where_Clause">
    <where>
      <foreach collection="example.oredCriteria" item="criteria" separator="or">
        <if test="criteria.valid">
          <trim prefix="(" prefixOverrides="and" suffix=")">
            <foreach collection="criteria.criteria" item="criterion">
              <choose>
                <when test="criterion.noValue">
                  and ${criterion.condition}
                </when>
                <when test="criterion.singleValue">
                  and ${criterion.condition} #{criterion.value}
                </when>
                <when test="criterion.betweenValue">
                  and ${criterion.condition} #{criterion.value} and #{criterion.secondValue}
                </when>
                <when test="criterion.listValue">
                  and ${criterion.condition}
                  <foreach close=")" collection="criterion.value" item="listItem" open="(" separator=",">
                    #{listItem}
                  </foreach>
                </when>
              </choose>
            </foreach>
          </trim>
        </if>
      </foreach>
    </where>
  </sql>
  <sql id="Base_Column_List">
    answerid, creatuser, creatdate, questionid, hot, agreenum, againnum, likenum, commentnum, 
    is_draft
  </sql>
  <sql id="Blob_Column_List">
    contant
  </sql>
  <select id="selectByExampleWithBLOBs" parameterType="com.shenshenshen.ncwuwdsq.domain.AnswerinfoExample" resultMap="ResultMapWithBLOBs">
    select
    <if test="distinct">
      distinct
    </if>
    <include refid="Base_Column_List" />
    ,
    <include refid="Blob_Column_List" />
    from answerinfo
    <if test="_parameter != null">
      <include refid="Example_Where_Clause" />
    </if>
    <if test="orderByClause != null">
      order by ${orderByClause}
    </if>
  </select>
  <select id="selectByExample" parameterType="com.shenshenshen.ncwuwdsq.domain.AnswerinfoExample" resultMap="BaseResultMap">
    select
    <if test="distinct">
      distinct
    </if>
    <include refid="Base_Column_List" />
    from answerinfo
    <if test="_parameter != null">
      <include refid="Example_Where_Clause" />
    </if>
    <if test="orderByClause != null">
      order by ${orderByClause}
    </if>
  </select>
  <delete id="deleteByExample" parameterType="com.shenshenshen.ncwuwdsq.domain.AnswerinfoExample">
    delete from answerinfo
    <if test="_parameter != null">
      <include refid="Example_Where_Clause" />
    </if>
  </delete>
  <insert id="insert" parameterType="com.shenshenshen.ncwuwdsq.domain.Answerinfo">
    insert into answerinfo (answerid, creatuser, creatdate, 
      questionid, hot, agreenum, 
      againnum, likenum, commentnum, 
      is_draft, contant)
    values (#{answerid,jdbcType=VARCHAR}, #{creatuser,jdbcType=VARCHAR}, #{creatdate,jdbcType=TIMESTAMP}, 
      #{questionid,jdbcType=VARCHAR}, #{hot,jdbcType=INTEGER}, #{agreenum,jdbcType=INTEGER}, 
      #{againnum,jdbcType=INTEGER}, #{likenum,jdbcType=INTEGER}, #{commentnum,jdbcType=INTEGER}, 
      #{isDraft,jdbcType=INTEGER}, #{contant,jdbcType=LONGVARCHAR})
  </insert>
  <insert id="insertSelective" parameterType="com.shenshenshen.ncwuwdsq.domain.Answerinfo">
    insert into answerinfo
    <trim prefix="(" suffix=")" suffixOverrides=",">
      <if test="answerid != null">
        answerid,
      </if>
      <if test="creatuser != null">
        creatuser,
      </if>
      <if test="creatdate != null">
        creatdate,
      </if>
      <if test="questionid != null">
        questionid,
      </if>
      <if test="hot != null">
        hot,
      </if>
      <if test="agreenum != null">
        agreenum,
      </if>
      <if test="againnum != null">
        againnum,
      </if>
      <if test="likenum != null">
        likenum,
      </if>
      <if test="commentnum != null">
        commentnum,
      </if>
      <if test="isDraft != null">
        is_draft,
      </if>
      <if test="contant != null">
        contant,
      </if>
    </trim>
    <trim prefix="values (" suffix=")" suffixOverrides=",">
      <if test="answerid != null">
        #{answerid,jdbcType=VARCHAR},
      </if>
      <if test="creatuser != null">
        #{creatuser,jdbcType=VARCHAR},
      </if>
      <if test="creatdate != null">
        #{creatdate,jdbcType=TIMESTAMP},
      </if>
      <if test="questionid != null">
        #{questionid,jdbcType=VARCHAR},
      </if>
      <if test="hot != null">
        #{hot,jdbcType=INTEGER},
      </if>
      <if test="agreenum != null">
        #{agreenum,jdbcType=INTEGER},
      </if>
      <if test="againnum != null">
        #{againnum,jdbcType=INTEGER},
      </if>
      <if test="likenum != null">
        #{likenum,jdbcType=INTEGER},
      </if>
      <if test="commentnum != null">
        #{commentnum,jdbcType=INTEGER},
      </if>
      <if test="isDraft != null">
        #{isDraft,jdbcType=INTEGER},
      </if>
      <if test="contant != null">
        #{contant,jdbcType=LONGVARCHAR},
      </if>
    </trim>
  </insert>
  <select id="countByExample" parameterType="com.shenshenshen.ncwuwdsq.domain.AnswerinfoExample" resultType="java.lang.Integer">
    select count(*) from answerinfo
    <if test="_parameter != null">
      <include refid="Example_Where_Clause" />
    </if>
  </select>
  <update id="updateByExampleSelective" parameterType="map">
    update answerinfo
    <set>
      <if test="record.answerid != null">
        answerid = #{record.answerid,jdbcType=VARCHAR},
      </if>
      <if test="record.creatuser != null">
        creatuser = #{record.creatuser,jdbcType=VARCHAR},
      </if>
      <if test="record.creatdate != null">
        creatdate = #{record.creatdate,jdbcType=TIMESTAMP},
      </if>
      <if test="record.questionid != null">
        questionid = #{record.questionid,jdbcType=VARCHAR},
      </if>
      <if test="record.hot != null">
        hot = #{record.hot,jdbcType=INTEGER},
      </if>
      <if test="record.agreenum != null">
        agreenum = #{record.agreenum,jdbcType=INTEGER},
      </if>
      <if test="record.againnum != null">
        againnum = #{record.againnum,jdbcType=INTEGER},
      </if>
      <if test="record.likenum != null">
        likenum = #{record.likenum,jdbcType=INTEGER},
      </if>
      <if test="record.commentnum != null">
        commentnum = #{record.commentnum,jdbcType=INTEGER},
      </if>
      <if test="record.isDraft != null">
        is_draft = #{record.isDraft,jdbcType=INTEGER},
      </if>
      <if test="record.contant != null">
        contant = #{record.contant,jdbcType=LONGVARCHAR},
      </if>
    </set>
    <if test="_parameter != null">
      <include refid="Update_By_Example_Where_Clause" />
    </if>
  </update>
  <update id="updateByExampleWithBLOBs" parameterType="map">
    update answerinfo
    set answerid = #{record.answerid,jdbcType=VARCHAR},
      creatuser = #{record.creatuser,jdbcType=VARCHAR},
      creatdate = #{record.creatdate,jdbcType=TIMESTAMP},
      questionid = #{record.questionid,jdbcType=VARCHAR},
      hot = #{record.hot,jdbcType=INTEGER},
      agreenum = #{record.agreenum,jdbcType=INTEGER},
      againnum = #{record.againnum,jdbcType=INTEGER},
      likenum = #{record.likenum,jdbcType=INTEGER},
      commentnum = #{record.commentnum,jdbcType=INTEGER},
      is_draft = #{record.isDraft,jdbcType=INTEGER},
      contant = #{record.contant,jdbcType=LONGVARCHAR}
    <if test="_parameter != null">
      <include refid="Update_By_Example_Where_Clause" />
    </if>
  </update>
  <update id="updateByExample" parameterType="map">
    update answerinfo
    set answerid = #{record.answerid,jdbcType=VARCHAR},
      creatuser = #{record.creatuser,jdbcType=VARCHAR},
      creatdate = #{record.creatdate,jdbcType=TIMESTAMP},
      questionid = #{record.questionid,jdbcType=VARCHAR},
      hot = #{record.hot,jdbcType=INTEGER},
      agreenum = #{record.agreenum,jdbcType=INTEGER},
      againnum = #{record.againnum,jdbcType=INTEGER},
      likenum = #{record.likenum,jdbcType=INTEGER},
      commentnum = #{record.commentnum,jdbcType=INTEGER},
      is_draft = #{record.isDraft,jdbcType=INTEGER}
    <if test="_parameter != null">
      <include refid="Update_By_Example_Where_Clause" />
    </if>
  </update>
</mapper>