<?xml version="1.0" encoding="UTF-8"?>
<!DOCTYPE mapper PUBLIC "-//mybatis.org//DTD Mapper 3.0//EN" "http://mybatis.org/dtd/mybatis-3-mapper.dtd">
<mapper namespace="com.shenshenshen.ncwuwdsq.mapper.ArticleinfoMapper">
  <resultMap id="BaseResultMap" type="com.shenshenshen.ncwuwdsq.domain.Articleinfo">
    <result column="articleid" jdbcType="VARCHAR" property="articleid" />
    <result column="creatdate" jdbcType="TIMESTAMP" property="creatdate" />
    <result column="creatuser" jdbcType="VARCHAR" property="creatuser" />
    <result column="hot" jdbcType="INTEGER" property="hot" />
    <result column="likenum" jdbcType="INTEGER" property="likenum" />
    <result column="hatenum" jdbcType="INTEGER" property="hatenum" />
    <result column="title" jdbcType="VARCHAR" property="title" />
    <result column="agreenum" jdbcType="INTEGER" property="agreenum" />
    <result column="is_draft" jdbcType="INTEGER" property="isDraft" />
    <result column="commentnum" jdbcType="INTEGER" property="commentnum" />
  </resultMap>
  <resultMap extends="BaseResultMap" id="ResultMapWithBLOBs" type="com.shenshenshen.ncwuwdsq.domain.Articleinfo">
    <result column="contant" jdbcType="LONGVARCHAR" property="contant" />
  </resultMap>
  <sql id="Example_Where_Clause">
    <where>
      <foreach collection="oredCriteria" item="criteria" separator="or">
        <if test="criteria.valid">
          <trim prefix="(" prefixOverrides="and" suffix=")">
            <foreach collection="criteria.criteria" item="criterion">
              <choose>
                <when test="criterion.noValue">
                  and ${criterion.condition}
                </when>
                <when test="criterion.singleValue">
                  and ${criterion.condition} #{criterion.value}
                </when>
                <when test="criterion.betweenValue">
                  and ${criterion.condition} #{criterion.value} and #{criterion.secondValue}
                </when>
                <when test="criterion.listValue">
                  and ${criterion.condition}
                  <foreach close=")" collection="criterion.value" item="listItem" open="(" separator=",">
                    #{listItem}
                  </foreach>
                </when>
              </choose>
            </foreach>
          </trim>
        </if>
      </foreach>
    </where>
  </sql>
  <sql id="Update_By_Example_Where_Clause">
    <where>
      <foreach collection="example.oredCriteria" item="criteria" separator="or">
        <if test="criteria.valid">
          <trim prefix="(" prefixOverrides="and" suffix=")">
            <foreach collection="criteria.criteria" item="criterion">
              <choose>
                <when test="criterion.noValue">
                  and ${criterion.condition}
                </when>
                <when test="criterion.singleValue">
                  and ${criterion.condition} #{criterion.value}
                </when>
                <when test="criterion.betweenValue">
                  and ${criterion.condition} #{criterion.value} and #{criterion.secondValue}
                </when>
                <when test="criterion.listValue">
                  and ${criterion.condition}
                  <foreach close=")" collection="criterion.value" item="listItem" open="(" separator=",">
                    #{listItem}
                  </foreach>
                </when>
              </choose>
            </foreach>
          </trim>
        </if>
      </foreach>
    </where>
  </sql>
  <sql id="Base_Column_List">
    articleid, creatdate, creatuser, hot, likenum, hatenum, title, agreenum, is_draft, 
    commentnum
  </sql>
  <sql id="Blob_Column_List">
    contant
  </sql>
  <select id="selectByExampleWithBLOBs" parameterType="com.shenshenshen.ncwuwdsq.domain.ArticleinfoExample" resultMap="ResultMapWithBLOBs">
    select
    <if test="distinct">
      distinct
    </if>
    <include refid="Base_Column_List" />
    ,
    <include refid="Blob_Column_List" />
    from articleinfo
    <if test="_parameter != null">
      <include refid="Example_Where_Clause" />
    </if>
    <if test="orderByClause != null">
      order by ${orderByClause}
    </if>
  </select>
  <select id="selectByExample" parameterType="com.shenshenshen.ncwuwdsq.domain.ArticleinfoExample" resultMap="BaseResultMap">
    select
    <if test="distinct">
      distinct
    </if>
    <include refid="Base_Column_List" />
    from articleinfo
    <if test="_parameter != null">
      <include refid="Example_Where_Clause" />
    </if>
    <if test="orderByClause != null">
      order by ${orderByClause}
    </if>
  </select>
  <delete id="deleteByExample" parameterType="com.shenshenshen.ncwuwdsq.domain.ArticleinfoExample">
    delete from articleinfo
    <if test="_parameter != null">
      <include refid="Example_Where_Clause" />
    </if>
  </delete>
  <insert id="insert" parameterType="com.shenshenshen.ncwuwdsq.domain.Articleinfo">
    insert into articleinfo (articleid, creatdate, creatuser, 
      hot, likenum, hatenum, 
      title, agreenum, is_draft, 
      commentnum, contant)
    values (#{articleid,jdbcType=VARCHAR}, #{creatdate,jdbcType=TIMESTAMP}, #{creatuser,jdbcType=VARCHAR}, 
      #{hot,jdbcType=INTEGER}, #{likenum,jdbcType=INTEGER}, #{hatenum,jdbcType=INTEGER}, 
      #{title,jdbcType=VARCHAR}, #{agreenum,jdbcType=INTEGER}, #{isDraft,jdbcType=INTEGER}, 
      #{commentnum,jdbcType=INTEGER}, #{contant,jdbcType=LONGVARCHAR})
  </insert>
  <insert id="insertSelective" parameterType="com.shenshenshen.ncwuwdsq.domain.Articleinfo">
    insert into articleinfo
    <trim prefix="(" suffix=")" suffixOverrides=",">
      <if test="articleid != null">
        articleid,
      </if>
      <if test="creatdate != null">
        creatdate,
      </if>
      <if test="creatuser != null">
        creatuser,
      </if>
      <if test="hot != null">
        hot,
      </if>
      <if test="likenum != null">
        likenum,
      </if>
      <if test="hatenum != null">
        hatenum,
      </if>
      <if test="title != null">
        title,
      </if>
      <if test="agreenum != null">
        agreenum,
      </if>
      <if test="isDraft != null">
        is_draft,
      </if>
      <if test="commentnum != null">
        commentnum,
      </if>
      <if test="contant != null">
        contant,
      </if>
    </trim>
    <trim prefix="values (" suffix=")" suffixOverrides=",">
      <if test="articleid != null">
        #{articleid,jdbcType=VARCHAR},
      </if>
      <if test="creatdate != null">
        #{creatdate,jdbcType=TIMESTAMP},
      </if>
      <if test="creatuser != null">
        #{creatuser,jdbcType=VARCHAR},
      </if>
      <if test="hot != null">
        #{hot,jdbcType=INTEGER},
      </if>
      <if test="likenum != null">
        #{likenum,jdbcType=INTEGER},
      </if>
      <if test="hatenum != null">
        #{hatenum,jdbcType=INTEGER},
      </if>
      <if test="title != null">
        #{title,jdbcType=VARCHAR},
      </if>
      <if test="agreenum != null">
        #{agreenum,jdbcType=INTEGER},
      </if>
      <if test="isDraft != null">
        #{isDraft,jdbcType=INTEGER},
      </if>
      <if test="commentnum != null">
        #{commentnum,jdbcType=INTEGER},
      </if>
      <if test="contant != null">
        #{contant,jdbcType=LONGVARCHAR},
      </if>
    </trim>
  </insert>
  <select id="countByExample" parameterType="com.shenshenshen.ncwuwdsq.domain.ArticleinfoExample" resultType="java.lang.Integer">
    select count(*) from articleinfo
    <if test="_parameter != null">
      <include refid="Example_Where_Clause" />
    </if>
  </select>
  <update id="updateByExampleSelective" parameterType="map">
    update articleinfo
    <set>
      <if test="record.articleid != null">
        articleid = #{record.articleid,jdbcType=VARCHAR},
      </if>
      <if test="record.creatdate != null">
        creatdate = #{record.creatdate,jdbcType=TIMESTAMP},
      </if>
      <if test="record.creatuser != null">
        creatuser = #{record.creatuser,jdbcType=VARCHAR},
      </if>
      <if test="record.hot != null">
        hot = #{record.hot,jdbcType=INTEGER},
      </if>
      <if test="record.likenum != null">
        likenum = #{record.likenum,jdbcType=INTEGER},
      </if>
      <if test="record.hatenum != null">
        hatenum = #{record.hatenum,jdbcType=INTEGER},
      </if>
      <if test="record.title != null">
        title = #{record.title,jdbcType=VARCHAR},
      </if>
      <if test="record.agreenum != null">
        agreenum = #{record.agreenum,jdbcType=INTEGER},
      </if>
      <if test="record.isDraft != null">
        is_draft = #{record.isDraft,jdbcType=INTEGER},
      </if>
      <if test="record.commentnum != null">
        commentnum = #{record.commentnum,jdbcType=INTEGER},
      </if>
      <if test="record.contant != null">
        contant = #{record.contant,jdbcType=LONGVARCHAR},
      </if>
    </set>
    <if test="_parameter != null">
      <include refid="Update_By_Example_Where_Clause" />
    </if>
  </update>
  <update id="updateByExampleWithBLOBs" parameterType="map">
    update articleinfo
    set articleid = #{record.articleid,jdbcType=VARCHAR},
      creatdate = #{record.creatdate,jdbcType=TIMESTAMP},
      creatuser = #{record.creatuser,jdbcType=VARCHAR},
      hot = #{record.hot,jdbcType=INTEGER},
      likenum = #{record.likenum,jdbcType=INTEGER},
      hatenum = #{record.hatenum,jdbcType=INTEGER},
      title = #{record.title,jdbcType=VARCHAR},
      agreenum = #{record.agreenum,jdbcType=INTEGER},
      is_draft = #{record.isDraft,jdbcType=INTEGER},
      commentnum = #{record.commentnum,jdbcType=INTEGER},
      contant = #{record.contant,jdbcType=LONGVARCHAR}
    <if test="_parameter != null">
      <include refid="Update_By_Example_Where_Clause" />
    </if>
  </update>
  <update id="updateByExample" parameterType="map">
    update articleinfo
    set articleid = #{record.articleid,jdbcType=VARCHAR},
      creatdate = #{record.creatdate,jdbcType=TIMESTAMP},
      creatuser = #{record.creatuser,jdbcType=VARCHAR},
      hot = #{record.hot,jdbcType=INTEGER},
      likenum = #{record.likenum,jdbcType=INTEGER},
      hatenum = #{record.hatenum,jdbcType=INTEGER},
      title = #{record.title,jdbcType=VARCHAR},
      agreenum = #{record.agreenum,jdbcType=INTEGER},
      is_draft = #{record.isDraft,jdbcType=INTEGER},
      commentnum = #{record.commentnum,jdbcType=INTEGER}
    <if test="_parameter != null">
      <include refid="Update_By_Example_Where_Clause" />
    </if>
  </update>
</mapper>