<?xml version="1.0" encoding="UTF-8"?>
<!DOCTYPE mapper PUBLIC "-//mybatis.org//DTD Mapper 3.0//EN" "http://mybatis.org/dtd/mybatis-3-mapper.dtd">
<mapper namespace="com.shenshenshen.ncwuwdsq.mapper.CommentMapper">
  <resultMap id="BaseResultMap" type="com.shenshenshen.ncwuwdsq.domain.Comment">
    <result column="rowguid" jdbcType="VARCHAR" property="rowguid" />
    <result column="contant" jdbcType="VARCHAR" property="contant" />
    <result column="creatdate" jdbcType="TIMESTAMP" property="creatdate" />
    <result column="creatuser" jdbcType="VARCHAR" property="creatuser" />
    <result column="answerguid" jdbcType="VARCHAR" property="answerguid" />
    <result column="to_commentid" jdbcType="VARCHAR" property="toCommentid" />
  </resultMap>
  <sql id="Example_Where_Clause">
    <where>
      <foreach collection="oredCriteria" item="criteria" separator="or">
        <if test="criteria.valid">
          <trim prefix="(" prefixOverrides="and" suffix=")">
            <foreach collection="criteria.criteria" item="criterion">
              <choose>
                <when test="criterion.noValue">
                  and ${criterion.condition}
                </when>
                <when test="criterion.singleValue">
                  and ${criterion.condition} #{criterion.value}
                </when>
                <when test="criterion.betweenValue">
                  and ${criterion.condition} #{criterion.value} and #{criterion.secondValue}
                </when>
                <when test="criterion.listValue">
                  and ${criterion.condition}
                  <foreach close=")" collection="criterion.value" item="listItem" open="(" separator=",">
                    #{listItem}
                  </foreach>
                </when>
              </choose>
            </foreach>
          </trim>
        </if>
      </foreach>
    </where>
  </sql>
  <sql id="Update_By_Example_Where_Clause">
    <where>
      <foreach collection="example.oredCriteria" item="criteria" separator="or">
        <if test="criteria.valid">
          <trim prefix="(" prefixOverrides="and" suffix=")">
            <foreach collection="criteria.criteria" item="criterion">
              <choose>
                <when test="criterion.noValue">
                  and ${criterion.condition}
                </when>
                <when test="criterion.singleValue">
                  and ${criterion.condition} #{criterion.value}
                </when>
                <when test="criterion.betweenValue">
                  and ${criterion.condition} #{criterion.value} and #{criterion.secondValue}
                </when>
                <when test="criterion.listValue">
                  and ${criterion.condition}
                  <foreach close=")" collection="criterion.value" item="listItem" open="(" separator=",">
                    #{listItem}
                  </foreach>
                </when>
              </choose>
            </foreach>
          </trim>
        </if>
      </foreach>
    </where>
  </sql>
  <sql id="Base_Column_List">
    rowguid, contant, creatdate, creatuser, answerguid, to_commentid
  </sql>
  <select id="selectByExample" parameterType="com.shenshenshen.ncwuwdsq.domain.CommentExample" resultMap="BaseResultMap">
    select
    <if test="distinct">
      distinct
    </if>
    <include refid="Base_Column_List" />
    from comment
    <if test="_parameter != null">
      <include refid="Example_Where_Clause" />
    </if>
    <if test="orderByClause != null">
      order by ${orderByClause}
    </if>
  </select>
  <delete id="deleteByExample" parameterType="com.shenshenshen.ncwuwdsq.domain.CommentExample">
    delete from comment
    <if test="_parameter != null">
      <include refid="Example_Where_Clause" />
    </if>
  </delete>
  <insert id="insert" parameterType="com.shenshenshen.ncwuwdsq.domain.Comment">
    insert into comment (rowguid, contant, creatdate, 
      creatuser, answerguid, to_commentid
      )
    values (#{rowguid,jdbcType=VARCHAR}, #{contant,jdbcType=VARCHAR}, #{creatdate,jdbcType=TIMESTAMP}, 
      #{creatuser,jdbcType=VARCHAR}, #{answerguid,jdbcType=VARCHAR}, #{toCommentid,jdbcType=VARCHAR}
      )
  </insert>
  <insert id="insertSelective" parameterType="com.shenshenshen.ncwuwdsq.domain.Comment">
    insert into comment
    <trim prefix="(" suffix=")" suffixOverrides=",">
      <if test="rowguid != null">
        rowguid,
      </if>
      <if test="contant != null">
        contant,
      </if>
      <if test="creatdate != null">
        creatdate,
      </if>
      <if test="creatuser != null">
        creatuser,
      </if>
      <if test="answerguid != null">
        answerguid,
      </if>
      <if test="toCommentid != null">
        to_commentid,
      </if>
    </trim>
    <trim prefix="values (" suffix=")" suffixOverrides=",">
      <if test="rowguid != null">
        #{rowguid,jdbcType=VARCHAR},
      </if>
      <if test="contant != null">
        #{contant,jdbcType=VARCHAR},
      </if>
      <if test="creatdate != null">
        #{creatdate,jdbcType=TIMESTAMP},
      </if>
      <if test="creatuser != null">
        #{creatuser,jdbcType=VARCHAR},
      </if>
      <if test="answerguid != null">
        #{answerguid,jdbcType=VARCHAR},
      </if>
      <if test="toCommentid != null">
        #{toCommentid,jdbcType=VARCHAR},
      </if>
    </trim>
  </insert>
  <select id="countByExample" parameterType="com.shenshenshen.ncwuwdsq.domain.CommentExample" resultType="java.lang.Integer">
    select count(*) from comment
    <if test="_parameter != null">
      <include refid="Example_Where_Clause" />
    </if>
  </select>
  <update id="updateByExampleSelective" parameterType="map">
    update comment
    <set>
      <if test="record.rowguid != null">
        rowguid = #{record.rowguid,jdbcType=VARCHAR},
      </if>
      <if test="record.contant != null">
        contant = #{record.contant,jdbcType=VARCHAR},
      </if>
      <if test="record.creatdate != null">
        creatdate = #{record.creatdate,jdbcType=TIMESTAMP},
      </if>
      <if test="record.creatuser != null">
        creatuser = #{record.creatuser,jdbcType=VARCHAR},
      </if>
      <if test="record.answerguid != null">
        answerguid = #{record.answerguid,jdbcType=VARCHAR},
      </if>
      <if test="record.toCommentid != null">
        to_commentid = #{record.toCommentid,jdbcType=VARCHAR},
      </if>
    </set>
    <if test="_parameter != null">
      <include refid="Update_By_Example_Where_Clause" />
    </if>
  </update>
  <update id="updateByExample" parameterType="map">
    update comment
    set rowguid = #{record.rowguid,jdbcType=VARCHAR},
      contant = #{record.contant,jdbcType=VARCHAR},
      creatdate = #{record.creatdate,jdbcType=TIMESTAMP},
      creatuser = #{record.creatuser,jdbcType=VARCHAR},
      answerguid = #{record.answerguid,jdbcType=VARCHAR},
      to_commentid = #{record.toCommentid,jdbcType=VARCHAR}
    <if test="_parameter != null">
      <include refid="Update_By_Example_Where_Clause" />
    </if>
  </update>
</mapper>