<?xml version="1.0" encoding="UTF-8"?>
<!DOCTYPE mapper PUBLIC "-//mybatis.org//DTD Mapper 3.0//EN" "http://mybatis.org/dtd/mybatis-3-mapper.dtd">
<mapper namespace="com.shenshenshen.ncwuwdsq.mapper.DraftinfoMapper">
  <resultMap id="BaseResultMap" type="com.shenshenshen.ncwuwdsq.domain.Draftinfo">
    <id column="draftid" jdbcType="VARCHAR" property="draftid" />
    <result column="type" jdbcType="INTEGER" property="type" />
    <result column="mainid" jdbcType="VARCHAR" property="mainid" />
    <result column="creatuser" jdbcType="VARCHAR" property="creatuser" />
  </resultMap>
  <sql id="Example_Where_Clause">
    <where>
      <foreach collection="oredCriteria" item="criteria" separator="or">
        <if test="criteria.valid">
          <trim prefix="(" prefixOverrides="and" suffix=")">
            <foreach collection="criteria.criteria" item="criterion">
              <choose>
                <when test="criterion.noValue">
                  and ${criterion.condition}
                </when>
                <when test="criterion.singleValue">
                  and ${criterion.condition} #{criterion.value}
                </when>
                <when test="criterion.betweenValue">
                  and ${criterion.condition} #{criterion.value} and #{criterion.secondValue}
                </when>
                <when test="criterion.listValue">
                  and ${criterion.condition}
                  <foreach close=")" collection="criterion.value" item="listItem" open="(" separator=",">
                    #{listItem}
                  </foreach>
                </when>
              </choose>
            </foreach>
          </trim>
        </if>
      </foreach>
    </where>
  </sql>
  <sql id="Update_By_Example_Where_Clause">
    <where>
      <foreach collection="example.oredCriteria" item="criteria" separator="or">
        <if test="criteria.valid">
          <trim prefix="(" prefixOverrides="and" suffix=")">
            <foreach collection="criteria.criteria" item="criterion">
              <choose>
                <when test="criterion.noValue">
                  and ${criterion.condition}
                </when>
                <when test="criterion.singleValue">
                  and ${criterion.condition} #{criterion.value}
                </when>
                <when test="criterion.betweenValue">
                  and ${criterion.condition} #{criterion.value} and #{criterion.secondValue}
                </when>
                <when test="criterion.listValue">
                  and ${criterion.condition}
                  <foreach close=")" collection="criterion.value" item="listItem" open="(" separator=",">
                    #{listItem}
                  </foreach>
                </when>
              </choose>
            </foreach>
          </trim>
        </if>
      </foreach>
    </where>
  </sql>
  <sql id="Base_Column_List">
    draftid, type, mainid, creatuser
  </sql>
  <select id="selectByExample" parameterType="com.shenshenshen.ncwuwdsq.domain.DraftinfoExample" resultMap="BaseResultMap">
    select
    <if test="distinct">
      distinct
    </if>
    <include refid="Base_Column_List" />
    from draftinfo
    <if test="_parameter != null">
      <include refid="Example_Where_Clause" />
    </if>
    <if test="orderByClause != null">
      order by ${orderByClause}
    </if>
  </select>
  <select id="selectByPrimaryKey" parameterType="java.lang.String" resultMap="BaseResultMap">
    select 
    <include refid="Base_Column_List" />
    from draftinfo
    where draftid = #{draftid,jdbcType=VARCHAR}
  </select>
  <delete id="deleteByPrimaryKey" parameterType="java.lang.String">
    delete from draftinfo
    where draftid = #{draftid,jdbcType=VARCHAR}
  </delete>
  <delete id="deleteByExample" parameterType="com.shenshenshen.ncwuwdsq.domain.DraftinfoExample">
    delete from draftinfo
    <if test="_parameter != null">
      <include refid="Example_Where_Clause" />
    </if>
  </delete>
  <insert id="insert" parameterType="com.shenshenshen.ncwuwdsq.domain.Draftinfo">
    insert into draftinfo (draftid, type, mainid, 
      creatuser)
    values (#{draftid,jdbcType=VARCHAR}, #{type,jdbcType=INTEGER}, #{mainid,jdbcType=VARCHAR}, 
      #{creatuser,jdbcType=VARCHAR})
  </insert>
  <insert id="insertSelective" parameterType="com.shenshenshen.ncwuwdsq.domain.Draftinfo">
    insert into draftinfo
    <trim prefix="(" suffix=")" suffixOverrides=",">
      <if test="draftid != null">
        draftid,
      </if>
      <if test="type != null">
        type,
      </if>
      <if test="mainid != null">
        mainid,
      </if>
      <if test="creatuser != null">
        creatuser,
      </if>
    </trim>
    <trim prefix="values (" suffix=")" suffixOverrides=",">
      <if test="draftid != null">
        #{draftid,jdbcType=VARCHAR},
      </if>
      <if test="type != null">
        #{type,jdbcType=INTEGER},
      </if>
      <if test="mainid != null">
        #{mainid,jdbcType=VARCHAR},
      </if>
      <if test="creatuser != null">
        #{creatuser,jdbcType=VARCHAR},
      </if>
    </trim>
  </insert>
  <select id="countByExample" parameterType="com.shenshenshen.ncwuwdsq.domain.DraftinfoExample" resultType="java.lang.Integer">
    select count(*) from draftinfo
    <if test="_parameter != null">
      <include refid="Example_Where_Clause" />
    </if>
  </select>
  <update id="updateByExampleSelective" parameterType="map">
    update draftinfo
    <set>
      <if test="record.draftid != null">
        draftid = #{record.draftid,jdbcType=VARCHAR},
      </if>
      <if test="record.type != null">
        type = #{record.type,jdbcType=INTEGER},
      </if>
      <if test="record.mainid != null">
        mainid = #{record.mainid,jdbcType=VARCHAR},
      </if>
      <if test="record.creatuser != null">
        creatuser = #{record.creatuser,jdbcType=VARCHAR},
      </if>
    </set>
    <if test="_parameter != null">
      <include refid="Update_By_Example_Where_Clause" />
    </if>
  </update>
  <update id="updateByExample" parameterType="map">
    update draftinfo
    set draftid = #{record.draftid,jdbcType=VARCHAR},
      type = #{record.type,jdbcType=INTEGER},
      mainid = #{record.mainid,jdbcType=VARCHAR},
      creatuser = #{record.creatuser,jdbcType=VARCHAR}
    <if test="_parameter != null">
      <include refid="Update_By_Example_Where_Clause" />
    </if>
  </update>
  <update id="updateByPrimaryKeySelective" parameterType="com.shenshenshen.ncwuwdsq.domain.Draftinfo">
    update draftinfo
    <set>
      <if test="type != null">
        type = #{type,jdbcType=INTEGER},
      </if>
      <if test="mainid != null">
        mainid = #{mainid,jdbcType=VARCHAR},
      </if>
      <if test="creatuser != null">
        creatuser = #{creatuser,jdbcType=VARCHAR},
      </if>
    </set>
    where draftid = #{draftid,jdbcType=VARCHAR}
  </update>
  <update id="updateByPrimaryKey" parameterType="com.shenshenshen.ncwuwdsq.domain.Draftinfo">
    update draftinfo
    set type = #{type,jdbcType=INTEGER},
      mainid = #{mainid,jdbcType=VARCHAR},
      creatuser = #{creatuser,jdbcType=VARCHAR}
    where draftid = #{draftid,jdbcType=VARCHAR}
  </update>
</mapper>