<?xml version="1.0" encoding="UTF-8"?>
<!DOCTYPE mapper PUBLIC "-//mybatis.org//DTD Mapper 3.0//EN" "http://mybatis.org/dtd/mybatis-3-mapper.dtd">
<mapper namespace="com.shenshenshen.ncwuwdsq.mapper.LetterMapper">
  <resultMap id="BaseResultMap" type="com.shenshenshen.ncwuwdsq.domain.Letter">
    <result column="rowguid" jdbcType="VARCHAR" property="rowguid" />
    <result column="from_user" jdbcType="VARCHAR" property="fromUser" />
    <result column="to_user" jdbcType="VARCHAR" property="toUser" />
    <result column="content" jdbcType="VARCHAR" property="content" />
    <result column="creatdate" jdbcType="TIMESTAMP" property="creatdate" />
    <result column="is_back" jdbcType="INTEGER" property="isBack" />
  </resultMap>
  <sql id="Example_Where_Clause">
    <where>
      <foreach collection="oredCriteria" item="criteria" separator="or">
        <if test="criteria.valid">
          <trim prefix="(" prefixOverrides="and" suffix=")">
            <foreach collection="criteria.criteria" item="criterion">
              <choose>
                <when test="criterion.noValue">
                  and ${criterion.condition}
                </when>
                <when test="criterion.singleValue">
                  and ${criterion.condition} #{criterion.value}
                </when>
                <when test="criterion.betweenValue">
                  and ${criterion.condition} #{criterion.value} and #{criterion.secondValue}
                </when>
                <when test="criterion.listValue">
                  and ${criterion.condition}
                  <foreach close=")" collection="criterion.value" item="listItem" open="(" separator=",">
                    #{listItem}
                  </foreach>
                </when>
              </choose>
            </foreach>
          </trim>
        </if>
      </foreach>
    </where>
  </sql>
  <sql id="Update_By_Example_Where_Clause">
    <where>
      <foreach collection="example.oredCriteria" item="criteria" separator="or">
        <if test="criteria.valid">
          <trim prefix="(" prefixOverrides="and" suffix=")">
            <foreach collection="criteria.criteria" item="criterion">
              <choose>
                <when test="criterion.noValue">
                  and ${criterion.condition}
                </when>
                <when test="criterion.singleValue">
                  and ${criterion.condition} #{criterion.value}
                </when>
                <when test="criterion.betweenValue">
                  and ${criterion.condition} #{criterion.value} and #{criterion.secondValue}
                </when>
                <when test="criterion.listValue">
                  and ${criterion.condition}
                  <foreach close=")" collection="criterion.value" item="listItem" open="(" separator=",">
                    #{listItem}
                  </foreach>
                </when>
              </choose>
            </foreach>
          </trim>
        </if>
      </foreach>
    </where>
  </sql>
  <sql id="Base_Column_List">
    rowguid, from_user, to_user, content, creatdate, is_back
  </sql>
  <select id="selectByExample" parameterType="com.shenshenshen.ncwuwdsq.domain.LetterExample" resultMap="BaseResultMap">
    select
    <if test="distinct">
      distinct
    </if>
    <include refid="Base_Column_List" />
    from letter
    <if test="_parameter != null">
      <include refid="Example_Where_Clause" />
    </if>
    <if test="orderByClause != null">
      order by ${orderByClause}
    </if>
  </select>
  <delete id="deleteByExample" parameterType="com.shenshenshen.ncwuwdsq.domain.LetterExample">
    delete from letter
    <if test="_parameter != null">
      <include refid="Example_Where_Clause" />
    </if>
  </delete>
  <insert id="insert" parameterType="com.shenshenshen.ncwuwdsq.domain.Letter">
    insert into letter (rowguid, from_user, to_user, 
      content, creatdate, is_back
      )
    values (#{rowguid,jdbcType=VARCHAR}, #{fromUser,jdbcType=VARCHAR}, #{toUser,jdbcType=VARCHAR}, 
      #{content,jdbcType=VARCHAR}, #{creatdate,jdbcType=TIMESTAMP}, #{isBack,jdbcType=INTEGER}
      )
  </insert>
  <insert id="insertSelective" parameterType="com.shenshenshen.ncwuwdsq.domain.Letter">
    insert into letter
    <trim prefix="(" suffix=")" suffixOverrides=",">
      <if test="rowguid != null">
        rowguid,
      </if>
      <if test="fromUser != null">
        from_user,
      </if>
      <if test="toUser != null">
        to_user,
      </if>
      <if test="content != null">
        content,
      </if>
      <if test="creatdate != null">
        creatdate,
      </if>
      <if test="isBack != null">
        is_back,
      </if>
    </trim>
    <trim prefix="values (" suffix=")" suffixOverrides=",">
      <if test="rowguid != null">
        #{rowguid,jdbcType=VARCHAR},
      </if>
      <if test="fromUser != null">
        #{fromUser,jdbcType=VARCHAR},
      </if>
      <if test="toUser != null">
        #{toUser,jdbcType=VARCHAR},
      </if>
      <if test="content != null">
        #{content,jdbcType=VARCHAR},
      </if>
      <if test="creatdate != null">
        #{creatdate,jdbcType=TIMESTAMP},
      </if>
      <if test="isBack != null">
        #{isBack,jdbcType=INTEGER},
      </if>
    </trim>
  </insert>
  <select id="countByExample" parameterType="com.shenshenshen.ncwuwdsq.domain.LetterExample" resultType="java.lang.Integer">
    select count(*) from letter
    <if test="_parameter != null">
      <include refid="Example_Where_Clause" />
    </if>
  </select>
  <update id="updateByExampleSelective" parameterType="map">
    update letter
    <set>
      <if test="record.rowguid != null">
        rowguid = #{record.rowguid,jdbcType=VARCHAR},
      </if>
      <if test="record.fromUser != null">
        from_user = #{record.fromUser,jdbcType=VARCHAR},
      </if>
      <if test="record.toUser != null">
        to_user = #{record.toUser,jdbcType=VARCHAR},
      </if>
      <if test="record.content != null">
        content = #{record.content,jdbcType=VARCHAR},
      </if>
      <if test="record.creatdate != null">
        creatdate = #{record.creatdate,jdbcType=TIMESTAMP},
      </if>
      <if test="record.isBack != null">
        is_back = #{record.isBack,jdbcType=INTEGER},
      </if>
    </set>
    <if test="_parameter != null">
      <include refid="Update_By_Example_Where_Clause" />
    </if>
  </update>
  <update id="updateByExample" parameterType="map">
    update letter
    set rowguid = #{record.rowguid,jdbcType=VARCHAR},
      from_user = #{record.fromUser,jdbcType=VARCHAR},
      to_user = #{record.toUser,jdbcType=VARCHAR},
      content = #{record.content,jdbcType=VARCHAR},
      creatdate = #{record.creatdate,jdbcType=TIMESTAMP},
      is_back = #{record.isBack,jdbcType=INTEGER}
    <if test="_parameter != null">
      <include refid="Update_By_Example_Where_Clause" />
    </if>
  </update>
</mapper>