<?xml version="1.0" encoding="UTF-8"?>
<!DOCTYPE mapper PUBLIC "-//mybatis.org//DTD Mapper 3.0//EN" "http://mybatis.org/dtd/mybatis-3-mapper.dtd">
<mapper namespace="com.shenshenshen.ncwuwdsq.mapper.LoginrecordMapper">
  <resultMap id="BaseResultMap" type="com.shenshenshen.ncwuwdsq.domain.Loginrecord">
    <result column="rowguid" jdbcType="VARCHAR" property="rowguid" />
    <result column="loginid" jdbcType="VARCHAR" property="loginid" />
    <result column="ip" jdbcType="VARCHAR" property="ip" />
    <result column="logindate" jdbcType="TIMESTAMP" property="logindate" />
    <result column="logoutdate" jdbcType="TIMESTAMP" property="logoutdate" />
  </resultMap>
  <sql id="Example_Where_Clause">
    <where>
      <foreach collection="oredCriteria" item="criteria" separator="or">
        <if test="criteria.valid">
          <trim prefix="(" prefixOverrides="and" suffix=")">
            <foreach collection="criteria.criteria" item="criterion">
              <choose>
                <when test="criterion.noValue">
                  and ${criterion.condition}
                </when>
                <when test="criterion.singleValue">
                  and ${criterion.condition} #{criterion.value}
                </when>
                <when test="criterion.betweenValue">
                  and ${criterion.condition} #{criterion.value} and #{criterion.secondValue}
                </when>
                <when test="criterion.listValue">
                  and ${criterion.condition}
                  <foreach close=")" collection="criterion.value" item="listItem" open="(" separator=",">
                    #{listItem}
                  </foreach>
                </when>
              </choose>
            </foreach>
          </trim>
        </if>
      </foreach>
    </where>
  </sql>
  <sql id="Update_By_Example_Where_Clause">
    <where>
      <foreach collection="example.oredCriteria" item="criteria" separator="or">
        <if test="criteria.valid">
          <trim prefix="(" prefixOverrides="and" suffix=")">
            <foreach collection="criteria.criteria" item="criterion">
              <choose>
                <when test="criterion.noValue">
                  and ${criterion.condition}
                </when>
                <when test="criterion.singleValue">
                  and ${criterion.condition} #{criterion.value}
                </when>
                <when test="criterion.betweenValue">
                  and ${criterion.condition} #{criterion.value} and #{criterion.secondValue}
                </when>
                <when test="criterion.listValue">
                  and ${criterion.condition}
                  <foreach close=")" collection="criterion.value" item="listItem" open="(" separator=",">
                    #{listItem}
                  </foreach>
                </when>
              </choose>
            </foreach>
          </trim>
        </if>
      </foreach>
    </where>
  </sql>
  <sql id="Base_Column_List">
    rowguid, loginid, ip, logindate, logoutdate
  </sql>
  <select id="selectByExample" parameterType="com.shenshenshen.ncwuwdsq.domain.LoginrecordExample" resultMap="BaseResultMap">
    select
    <if test="distinct">
      distinct
    </if>
    <include refid="Base_Column_List" />
    from loginrecord
    <if test="_parameter != null">
      <include refid="Example_Where_Clause" />
    </if>
    <if test="orderByClause != null">
      order by ${orderByClause}
    </if>
  </select>
  <delete id="deleteByExample" parameterType="com.shenshenshen.ncwuwdsq.domain.LoginrecordExample">
    delete from loginrecord
    <if test="_parameter != null">
      <include refid="Example_Where_Clause" />
    </if>
  </delete>
  <insert id="insert" parameterType="com.shenshenshen.ncwuwdsq.domain.Loginrecord">
    insert into loginrecord (rowguid, loginid, ip, 
      logindate, logoutdate)
    values (#{rowguid,jdbcType=VARCHAR}, #{loginid,jdbcType=VARCHAR}, #{ip,jdbcType=VARCHAR}, 
      #{logindate,jdbcType=TIMESTAMP}, #{logoutdate,jdbcType=TIMESTAMP})
  </insert>
  <insert id="insertSelective" parameterType="com.shenshenshen.ncwuwdsq.domain.Loginrecord">
    insert into loginrecord
    <trim prefix="(" suffix=")" suffixOverrides=",">
      <if test="rowguid != null">
        rowguid,
      </if>
      <if test="loginid != null">
        loginid,
      </if>
      <if test="ip != null">
        ip,
      </if>
      <if test="logindate != null">
        logindate,
      </if>
      <if test="logoutdate != null">
        logoutdate,
      </if>
    </trim>
    <trim prefix="values (" suffix=")" suffixOverrides=",">
      <if test="rowguid != null">
        #{rowguid,jdbcType=VARCHAR},
      </if>
      <if test="loginid != null">
        #{loginid,jdbcType=VARCHAR},
      </if>
      <if test="ip != null">
        #{ip,jdbcType=VARCHAR},
      </if>
      <if test="logindate != null">
        #{logindate,jdbcType=TIMESTAMP},
      </if>
      <if test="logoutdate != null">
        #{logoutdate,jdbcType=TIMESTAMP},
      </if>
    </trim>
  </insert>
  <select id="countByExample" parameterType="com.shenshenshen.ncwuwdsq.domain.LoginrecordExample" resultType="java.lang.Integer">
    select count(*) from loginrecord
    <if test="_parameter != null">
      <include refid="Example_Where_Clause" />
    </if>
  </select>
  <update id="updateByExampleSelective" parameterType="map">
    update loginrecord
    <set>
      <if test="record.rowguid != null">
        rowguid = #{record.rowguid,jdbcType=VARCHAR},
      </if>
      <if test="record.loginid != null">
        loginid = #{record.loginid,jdbcType=VARCHAR},
      </if>
      <if test="record.ip != null">
        ip = #{record.ip,jdbcType=VARCHAR},
      </if>
      <if test="record.logindate != null">
        logindate = #{record.logindate,jdbcType=TIMESTAMP},
      </if>
      <if test="record.logoutdate != null">
        logoutdate = #{record.logoutdate,jdbcType=TIMESTAMP},
      </if>
    </set>
    <if test="_parameter != null">
      <include refid="Update_By_Example_Where_Clause" />
    </if>
  </update>
  <update id="updateByExample" parameterType="map">
    update loginrecord
    set rowguid = #{record.rowguid,jdbcType=VARCHAR},
      loginid = #{record.loginid,jdbcType=VARCHAR},
      ip = #{record.ip,jdbcType=VARCHAR},
      logindate = #{record.logindate,jdbcType=TIMESTAMP},
      logoutdate = #{record.logoutdate,jdbcType=TIMESTAMP}
    <if test="_parameter != null">
      <include refid="Update_By_Example_Where_Clause" />
    </if>
  </update>
</mapper>