<?xml version="1.0" encoding="UTF-8"?>
<!DOCTYPE mapper PUBLIC "-//mybatis.org//DTD Mapper 3.0//EN" "http://mybatis.org/dtd/mybatis-3-mapper.dtd">
<mapper namespace="com.shenshenshen.ncwuwdsq.mapper.PushinfoMapper">
  <resultMap id="BaseResultMap" type="com.shenshenshen.ncwuwdsq.domain.Pushinfo">
    <result column="pushid" jdbcType="VARCHAR" property="pushid" />
    <result column="from_user" jdbcType="VARCHAR" property="fromUser" />
    <result column="to_user" jdbcType="VARCHAR" property="toUser" />
    <result column="mainid" jdbcType="VARCHAR" property="mainid" />
    <result column="creatdate" jdbcType="TIMESTAMP" property="creatdate" />
    <result column="type" jdbcType="INTEGER" property="type" />
    <result column="push_contant" jdbcType="VARCHAR" property="pushContant" />
    <result column="is_received" jdbcType="INTEGER" property="isReceived" />
  </resultMap>
  <sql id="Example_Where_Clause">
    <where>
      <foreach collection="oredCriteria" item="criteria" separator="or">
        <if test="criteria.valid">
          <trim prefix="(" prefixOverrides="and" suffix=")">
            <foreach collection="criteria.criteria" item="criterion">
              <choose>
                <when test="criterion.noValue">
                  and ${criterion.condition}
                </when>
                <when test="criterion.singleValue">
                  and ${criterion.condition} #{criterion.value}
                </when>
                <when test="criterion.betweenValue">
                  and ${criterion.condition} #{criterion.value} and #{criterion.secondValue}
                </when>
                <when test="criterion.listValue">
                  and ${criterion.condition}
                  <foreach close=")" collection="criterion.value" item="listItem" open="(" separator=",">
                    #{listItem}
                  </foreach>
                </when>
              </choose>
            </foreach>
          </trim>
        </if>
      </foreach>
    </where>
  </sql>
  <sql id="Update_By_Example_Where_Clause">
    <where>
      <foreach collection="example.oredCriteria" item="criteria" separator="or">
        <if test="criteria.valid">
          <trim prefix="(" prefixOverrides="and" suffix=")">
            <foreach collection="criteria.criteria" item="criterion">
              <choose>
                <when test="criterion.noValue">
                  and ${criterion.condition}
                </when>
                <when test="criterion.singleValue">
                  and ${criterion.condition} #{criterion.value}
                </when>
                <when test="criterion.betweenValue">
                  and ${criterion.condition} #{criterion.value} and #{criterion.secondValue}
                </when>
                <when test="criterion.listValue">
                  and ${criterion.condition}
                  <foreach close=")" collection="criterion.value" item="listItem" open="(" separator=",">
                    #{listItem}
                  </foreach>
                </when>
              </choose>
            </foreach>
          </trim>
        </if>
      </foreach>
    </where>
  </sql>
  <sql id="Base_Column_List">
    pushid, from_user, to_user, mainid, creatdate, type, push_contant, is_received
  </sql>
  <select id="selectByExample" parameterType="com.shenshenshen.ncwuwdsq.domain.PushinfoExample" resultMap="BaseResultMap">
    select
    <if test="distinct">
      distinct
    </if>
    <include refid="Base_Column_List" />
    from pushinfo
    <if test="_parameter != null">
      <include refid="Example_Where_Clause" />
    </if>
    <if test="orderByClause != null">
      order by ${orderByClause}
    </if>
  </select>
  <delete id="deleteByExample" parameterType="com.shenshenshen.ncwuwdsq.domain.PushinfoExample">
    delete from pushinfo
    <if test="_parameter != null">
      <include refid="Example_Where_Clause" />
    </if>
  </delete>
  <insert id="insert" parameterType="com.shenshenshen.ncwuwdsq.domain.Pushinfo">
    insert into pushinfo (pushid, from_user, to_user, 
      mainid, creatdate, type, 
      push_contant, is_received)
    values (#{pushid,jdbcType=VARCHAR}, #{fromUser,jdbcType=VARCHAR}, #{toUser,jdbcType=VARCHAR}, 
      #{mainid,jdbcType=VARCHAR}, #{creatdate,jdbcType=TIMESTAMP}, #{type,jdbcType=INTEGER}, 
      #{pushContant,jdbcType=VARCHAR}, #{isReceived,jdbcType=INTEGER})
  </insert>
  <insert id="insertSelective" parameterType="com.shenshenshen.ncwuwdsq.domain.Pushinfo">
    insert into pushinfo
    <trim prefix="(" suffix=")" suffixOverrides=",">
      <if test="pushid != null">
        pushid,
      </if>
      <if test="fromUser != null">
        from_user,
      </if>
      <if test="toUser != null">
        to_user,
      </if>
      <if test="mainid != null">
        mainid,
      </if>
      <if test="creatdate != null">
        creatdate,
      </if>
      <if test="type != null">
        type,
      </if>
      <if test="pushContant != null">
        push_contant,
      </if>
      <if test="isReceived != null">
        is_received,
      </if>
    </trim>
    <trim prefix="values (" suffix=")" suffixOverrides=",">
      <if test="pushid != null">
        #{pushid,jdbcType=VARCHAR},
      </if>
      <if test="fromUser != null">
        #{fromUser,jdbcType=VARCHAR},
      </if>
      <if test="toUser != null">
        #{toUser,jdbcType=VARCHAR},
      </if>
      <if test="mainid != null">
        #{mainid,jdbcType=VARCHAR},
      </if>
      <if test="creatdate != null">
        #{creatdate,jdbcType=TIMESTAMP},
      </if>
      <if test="type != null">
        #{type,jdbcType=INTEGER},
      </if>
      <if test="pushContant != null">
        #{pushContant,jdbcType=VARCHAR},
      </if>
      <if test="isReceived != null">
        #{isReceived,jdbcType=INTEGER},
      </if>
    </trim>
  </insert>
  <select id="countByExample" parameterType="com.shenshenshen.ncwuwdsq.domain.PushinfoExample" resultType="java.lang.Integer">
    select count(*) from pushinfo
    <if test="_parameter != null">
      <include refid="Example_Where_Clause" />
    </if>
  </select>
  <update id="updateByExampleSelective" parameterType="map">
    update pushinfo
    <set>
      <if test="record.pushid != null">
        pushid = #{record.pushid,jdbcType=VARCHAR},
      </if>
      <if test="record.fromUser != null">
        from_user = #{record.fromUser,jdbcType=VARCHAR},
      </if>
      <if test="record.toUser != null">
        to_user = #{record.toUser,jdbcType=VARCHAR},
      </if>
      <if test="record.mainid != null">
        mainid = #{record.mainid,jdbcType=VARCHAR},
      </if>
      <if test="record.creatdate != null">
        creatdate = #{record.creatdate,jdbcType=TIMESTAMP},
      </if>
      <if test="record.type != null">
        type = #{record.type,jdbcType=INTEGER},
      </if>
      <if test="record.pushContant != null">
        push_contant = #{record.pushContant,jdbcType=VARCHAR},
      </if>
      <if test="record.isReceived != null">
        is_received = #{record.isReceived,jdbcType=INTEGER},
      </if>
    </set>
    <if test="_parameter != null">
      <include refid="Update_By_Example_Where_Clause" />
    </if>
  </update>
  <update id="updateByExample" parameterType="map">
    update pushinfo
    set pushid = #{record.pushid,jdbcType=VARCHAR},
      from_user = #{record.fromUser,jdbcType=VARCHAR},
      to_user = #{record.toUser,jdbcType=VARCHAR},
      mainid = #{record.mainid,jdbcType=VARCHAR},
      creatdate = #{record.creatdate,jdbcType=TIMESTAMP},
      type = #{record.type,jdbcType=INTEGER},
      push_contant = #{record.pushContant,jdbcType=VARCHAR},
      is_received = #{record.isReceived,jdbcType=INTEGER}
    <if test="_parameter != null">
      <include refid="Update_By_Example_Where_Clause" />
    </if>
  </update>
</mapper>