<?xml version="1.0" encoding="UTF-8"?>
<!DOCTYPE mapper PUBLIC "-//mybatis.org//DTD Mapper 3.0//EN" "http://mybatis.org/dtd/mybatis-3-mapper.dtd">
<mapper namespace="com.shenshenshen.ncwuwdsq.mapper.QuestioninfoMapper">
  <resultMap id="BaseResultMap" type="com.shenshenshen.ncwuwdsq.domain.Questioninfo">
    <result column="questionid" jdbcType="VARCHAR" property="questionid" />
    <result column="contant" jdbcType="VARCHAR" property="contant" />
    <result column="isopen" jdbcType="INTEGER" property="isopen" />
    <result column="creatdate" jdbcType="TIMESTAMP" property="creatdate" />
    <result column="closedate" jdbcType="TIMESTAMP" property="closedate" />
    <result column="hot" jdbcType="INTEGER" property="hot" />
    <result column="creatuser" jdbcType="VARCHAR" property="creatuser" />
    <result column="type" jdbcType="INTEGER" property="type" />
    <result column="answernum" jdbcType="INTEGER" property="answernum" />
  </resultMap>
  <sql id="Example_Where_Clause">
    <where>
      <foreach collection="oredCriteria" item="criteria" separator="or">
        <if test="criteria.valid">
          <trim prefix="(" prefixOverrides="and" suffix=")">
            <foreach collection="criteria.criteria" item="criterion">
              <choose>
                <when test="criterion.noValue">
                  and ${criterion.condition}
                </when>
                <when test="criterion.singleValue">
                  and ${criterion.condition} #{criterion.value}
                </when>
                <when test="criterion.betweenValue">
                  and ${criterion.condition} #{criterion.value} and #{criterion.secondValue}
                </when>
                <when test="criterion.listValue">
                  and ${criterion.condition}
                  <foreach close=")" collection="criterion.value" item="listItem" open="(" separator=",">
                    #{listItem}
                  </foreach>
                </when>
              </choose>
            </foreach>
          </trim>
        </if>
      </foreach>
    </where>
  </sql>
  <sql id="Update_By_Example_Where_Clause">
    <where>
      <foreach collection="example.oredCriteria" item="criteria" separator="or">
        <if test="criteria.valid">
          <trim prefix="(" prefixOverrides="and" suffix=")">
            <foreach collection="criteria.criteria" item="criterion">
              <choose>
                <when test="criterion.noValue">
                  and ${criterion.condition}
                </when>
                <when test="criterion.singleValue">
                  and ${criterion.condition} #{criterion.value}
                </when>
                <when test="criterion.betweenValue">
                  and ${criterion.condition} #{criterion.value} and #{criterion.secondValue}
                </when>
                <when test="criterion.listValue">
                  and ${criterion.condition}
                  <foreach close=")" collection="criterion.value" item="listItem" open="(" separator=",">
                    #{listItem}
                  </foreach>
                </when>
              </choose>
            </foreach>
          </trim>
        </if>
      </foreach>
    </where>
  </sql>
  <sql id="Base_Column_List">
    questionid, contant, isopen, creatdate, closedate, hot, creatuser, type, answernum
  </sql>
  <select id="selectByExample" parameterType="com.shenshenshen.ncwuwdsq.domain.QuestioninfoExample" resultMap="BaseResultMap">
    select
    <if test="distinct">
      distinct
    </if>
    <include refid="Base_Column_List" />
    from questioninfo
    <if test="_parameter != null">
      <include refid="Example_Where_Clause" />
    </if>
    <if test="orderByClause != null">
      order by ${orderByClause}
    </if>
  </select>
  <delete id="deleteByExample" parameterType="com.shenshenshen.ncwuwdsq.domain.QuestioninfoExample">
    delete from questioninfo
    <if test="_parameter != null">
      <include refid="Example_Where_Clause" />
    </if>
  </delete>
  <insert id="insert" parameterType="com.shenshenshen.ncwuwdsq.domain.Questioninfo">
    insert into questioninfo (questionid, contant, isopen, 
      creatdate, closedate, hot, 
      creatuser, type, answernum
      )
    values (#{questionid,jdbcType=VARCHAR}, #{contant,jdbcType=VARCHAR}, #{isopen,jdbcType=INTEGER}, 
      #{creatdate,jdbcType=TIMESTAMP}, #{closedate,jdbcType=TIMESTAMP}, #{hot,jdbcType=INTEGER}, 
      #{creatuser,jdbcType=VARCHAR}, #{type,jdbcType=INTEGER}, #{answernum,jdbcType=INTEGER}
      )
  </insert>
  <insert id="insertSelective" parameterType="com.shenshenshen.ncwuwdsq.domain.Questioninfo">
    insert into questioninfo
    <trim prefix="(" suffix=")" suffixOverrides=",">
      <if test="questionid != null">
        questionid,
      </if>
      <if test="contant != null">
        contant,
      </if>
      <if test="isopen != null">
        isopen,
      </if>
      <if test="creatdate != null">
        creatdate,
      </if>
      <if test="closedate != null">
        closedate,
      </if>
      <if test="hot != null">
        hot,
      </if>
      <if test="creatuser != null">
        creatuser,
      </if>
      <if test="type != null">
        type,
      </if>
      <if test="answernum != null">
        answernum,
      </if>
    </trim>
    <trim prefix="values (" suffix=")" suffixOverrides=",">
      <if test="questionid != null">
        #{questionid,jdbcType=VARCHAR},
      </if>
      <if test="contant != null">
        #{contant,jdbcType=VARCHAR},
      </if>
      <if test="isopen != null">
        #{isopen,jdbcType=INTEGER},
      </if>
      <if test="creatdate != null">
        #{creatdate,jdbcType=TIMESTAMP},
      </if>
      <if test="closedate != null">
        #{closedate,jdbcType=TIMESTAMP},
      </if>
      <if test="hot != null">
        #{hot,jdbcType=INTEGER},
      </if>
      <if test="creatuser != null">
        #{creatuser,jdbcType=VARCHAR},
      </if>
      <if test="type != null">
        #{type,jdbcType=INTEGER},
      </if>
      <if test="answernum != null">
        #{answernum,jdbcType=INTEGER},
      </if>
    </trim>
  </insert>
  <select id="countByExample" parameterType="com.shenshenshen.ncwuwdsq.domain.QuestioninfoExample" resultType="java.lang.Integer">
    select count(*) from questioninfo
    <if test="_parameter != null">
      <include refid="Example_Where_Clause" />
    </if>
  </select>
  <update id="updateByExampleSelective" parameterType="map">
    update questioninfo
    <set>
      <if test="record.questionid != null">
        questionid = #{record.questionid,jdbcType=VARCHAR},
      </if>
      <if test="record.contant != null">
        contant = #{record.contant,jdbcType=VARCHAR},
      </if>
      <if test="record.isopen != null">
        isopen = #{record.isopen,jdbcType=INTEGER},
      </if>
      <if test="record.creatdate != null">
        creatdate = #{record.creatdate,jdbcType=TIMESTAMP},
      </if>
      <if test="record.closedate != null">
        closedate = #{record.closedate,jdbcType=TIMESTAMP},
      </if>
      <if test="record.hot != null">
        hot = #{record.hot,jdbcType=INTEGER},
      </if>
      <if test="record.creatuser != null">
        creatuser = #{record.creatuser,jdbcType=VARCHAR},
      </if>
      <if test="record.type != null">
        type = #{record.type,jdbcType=INTEGER},
      </if>
      <if test="record.answernum != null">
        answernum = #{record.answernum,jdbcType=INTEGER},
      </if>
    </set>
    <if test="_parameter != null">
      <include refid="Update_By_Example_Where_Clause" />
    </if>
  </update>
  <update id="updateByExample" parameterType="map">
    update questioninfo
    set questionid = #{record.questionid,jdbcType=VARCHAR},
      contant = #{record.contant,jdbcType=VARCHAR},
      isopen = #{record.isopen,jdbcType=INTEGER},
      creatdate = #{record.creatdate,jdbcType=TIMESTAMP},
      closedate = #{record.closedate,jdbcType=TIMESTAMP},
      hot = #{record.hot,jdbcType=INTEGER},
      creatuser = #{record.creatuser,jdbcType=VARCHAR},
      type = #{record.type,jdbcType=INTEGER},
      answernum = #{record.answernum,jdbcType=INTEGER}
    <if test="_parameter != null">
      <include refid="Update_By_Example_Where_Clause" />
    </if>
  </update>
</mapper>