<?xml version="1.0" encoding="UTF-8"?>
<!DOCTYPE mapper PUBLIC "-//mybatis.org//DTD Mapper 3.0//EN" "http://mybatis.org/dtd/mybatis-3-mapper.dtd">
<mapper namespace="com.shenshenshen.ncwuwdsq.mapper.QuestiontypeMapper">
  <resultMap id="BaseResultMap" type="com.shenshenshen.ncwuwdsq.domain.Questiontype">
    <id column="typecode" jdbcType="INTEGER" property="typecode" />
    <result column="typetext" jdbcType="VARCHAR" property="typetext" />
  </resultMap>
  <sql id="Example_Where_Clause">
    <where>
      <foreach collection="oredCriteria" item="criteria" separator="or">
        <if test="criteria.valid">
          <trim prefix="(" prefixOverrides="and" suffix=")">
            <foreach collection="criteria.criteria" item="criterion">
              <choose>
                <when test="criterion.noValue">
                  and ${criterion.condition}
                </when>
                <when test="criterion.singleValue">
                  and ${criterion.condition} #{criterion.value}
                </when>
                <when test="criterion.betweenValue">
                  and ${criterion.condition} #{criterion.value} and #{criterion.secondValue}
                </when>
                <when test="criterion.listValue">
                  and ${criterion.condition}
                  <foreach close=")" collection="criterion.value" item="listItem" open="(" separator=",">
                    #{listItem}
                  </foreach>
                </when>
              </choose>
            </foreach>
          </trim>
        </if>
      </foreach>
    </where>
  </sql>
  <sql id="Update_By_Example_Where_Clause">
    <where>
      <foreach collection="example.oredCriteria" item="criteria" separator="or">
        <if test="criteria.valid">
          <trim prefix="(" prefixOverrides="and" suffix=")">
            <foreach collection="criteria.criteria" item="criterion">
              <choose>
                <when test="criterion.noValue">
                  and ${criterion.condition}
                </when>
                <when test="criterion.singleValue">
                  and ${criterion.condition} #{criterion.value}
                </when>
                <when test="criterion.betweenValue">
                  and ${criterion.condition} #{criterion.value} and #{criterion.secondValue}
                </when>
                <when test="criterion.listValue">
                  and ${criterion.condition}
                  <foreach close=")" collection="criterion.value" item="listItem" open="(" separator=",">
                    #{listItem}
                  </foreach>
                </when>
              </choose>
            </foreach>
          </trim>
        </if>
      </foreach>
    </where>
  </sql>
  <sql id="Base_Column_List">
    typecode, typetext
  </sql>
  <select id="selectByExample" parameterType="com.shenshenshen.ncwuwdsq.domain.QuestiontypeExample" resultMap="BaseResultMap">
    select
    <if test="distinct">
      distinct
    </if>
    <include refid="Base_Column_List" />
    from questiontype
    <if test="_parameter != null">
      <include refid="Example_Where_Clause" />
    </if>
    <if test="orderByClause != null">
      order by ${orderByClause}
    </if>
  </select>
  <select id="selectByPrimaryKey" parameterType="java.lang.Integer" resultMap="BaseResultMap">
    select 
    <include refid="Base_Column_List" />
    from questiontype
    where typecode = #{typecode,jdbcType=INTEGER}
  </select>
  <delete id="deleteByPrimaryKey" parameterType="java.lang.Integer">
    delete from questiontype
    where typecode = #{typecode,jdbcType=INTEGER}
  </delete>
  <delete id="deleteByExample" parameterType="com.shenshenshen.ncwuwdsq.domain.QuestiontypeExample">
    delete from questiontype
    <if test="_parameter != null">
      <include refid="Example_Where_Clause" />
    </if>
  </delete>
  <insert id="insert" parameterType="com.shenshenshen.ncwuwdsq.domain.Questiontype">
    insert into questiontype (typecode, typetext)
    values (#{typecode,jdbcType=INTEGER}, #{typetext,jdbcType=VARCHAR})
  </insert>
  <insert id="insertSelective" parameterType="com.shenshenshen.ncwuwdsq.domain.Questiontype">
    insert into questiontype
    <trim prefix="(" suffix=")" suffixOverrides=",">
      <if test="typecode != null">
        typecode,
      </if>
      <if test="typetext != null">
        typetext,
      </if>
    </trim>
    <trim prefix="values (" suffix=")" suffixOverrides=",">
      <if test="typecode != null">
        #{typecode,jdbcType=INTEGER},
      </if>
      <if test="typetext != null">
        #{typetext,jdbcType=VARCHAR},
      </if>
    </trim>
  </insert>
  <select id="countByExample" parameterType="com.shenshenshen.ncwuwdsq.domain.QuestiontypeExample" resultType="java.lang.Integer">
    select count(*) from questiontype
    <if test="_parameter != null">
      <include refid="Example_Where_Clause" />
    </if>
  </select>
  <update id="updateByExampleSelective" parameterType="map">
    update questiontype
    <set>
      <if test="record.typecode != null">
        typecode = #{record.typecode,jdbcType=INTEGER},
      </if>
      <if test="record.typetext != null">
        typetext = #{record.typetext,jdbcType=VARCHAR},
      </if>
    </set>
    <if test="_parameter != null">
      <include refid="Update_By_Example_Where_Clause" />
    </if>
  </update>
  <update id="updateByExample" parameterType="map">
    update questiontype
    set typecode = #{record.typecode,jdbcType=INTEGER},
      typetext = #{record.typetext,jdbcType=VARCHAR}
    <if test="_parameter != null">
      <include refid="Update_By_Example_Where_Clause" />
    </if>
  </update>
  <update id="updateByPrimaryKeySelective" parameterType="com.shenshenshen.ncwuwdsq.domain.Questiontype">
    update questiontype
    <set>
      <if test="typetext != null">
        typetext = #{typetext,jdbcType=VARCHAR},
      </if>
    </set>
    where typecode = #{typecode,jdbcType=INTEGER}
  </update>
  <update id="updateByPrimaryKey" parameterType="com.shenshenshen.ncwuwdsq.domain.Questiontype">
    update questiontype
    set typetext = #{typetext,jdbcType=VARCHAR}
    where typecode = #{typecode,jdbcType=INTEGER}
  </update>
</mapper>