<?xml version="1.0" encoding="UTF-8"?>
<!DOCTYPE mapper PUBLIC "-//mybatis.org//DTD Mapper 3.0//EN" "http://mybatis.org/dtd/mybatis-3-mapper.dtd">
<mapper namespace="com.shenshenshen.ncwuwdsq.mapper.QuestionCareMapper">
  <resultMap id="BaseResultMap" type="com.shenshenshen.ncwuwdsq.domain.QuestionCare">
    <result column="rowguid" jdbcType="VARCHAR" property="rowguid" />
    <result column="be_cared_questionid" jdbcType="VARCHAR" property="beCaredQuestionid" />
    <result column="userid" jdbcType="VARCHAR" property="userid" />
    <result column="date" jdbcType="TIMESTAMP" property="date" />
  </resultMap>
  <sql id="Example_Where_Clause">
    <where>
      <foreach collection="oredCriteria" item="criteria" separator="or">
        <if test="criteria.valid">
          <trim prefix="(" prefixOverrides="and" suffix=")">
            <foreach collection="criteria.criteria" item="criterion">
              <choose>
                <when test="criterion.noValue">
                  and ${criterion.condition}
                </when>
                <when test="criterion.singleValue">
                  and ${criterion.condition} #{criterion.value}
                </when>
                <when test="criterion.betweenValue">
                  and ${criterion.condition} #{criterion.value} and #{criterion.secondValue}
                </when>
                <when test="criterion.listValue">
                  and ${criterion.condition}
                  <foreach close=")" collection="criterion.value" item="listItem" open="(" separator=",">
                    #{listItem}
                  </foreach>
                </when>
              </choose>
            </foreach>
          </trim>
        </if>
      </foreach>
    </where>
  </sql>
  <sql id="Update_By_Example_Where_Clause">
    <where>
      <foreach collection="example.oredCriteria" item="criteria" separator="or">
        <if test="criteria.valid">
          <trim prefix="(" prefixOverrides="and" suffix=")">
            <foreach collection="criteria.criteria" item="criterion">
              <choose>
                <when test="criterion.noValue">
                  and ${criterion.condition}
                </when>
                <when test="criterion.singleValue">
                  and ${criterion.condition} #{criterion.value}
                </when>
                <when test="criterion.betweenValue">
                  and ${criterion.condition} #{criterion.value} and #{criterion.secondValue}
                </when>
                <when test="criterion.listValue">
                  and ${criterion.condition}
                  <foreach close=")" collection="criterion.value" item="listItem" open="(" separator=",">
                    #{listItem}
                  </foreach>
                </when>
              </choose>
            </foreach>
          </trim>
        </if>
      </foreach>
    </where>
  </sql>
  <sql id="Base_Column_List">
    rowguid, be_cared_questionid, userid, date
  </sql>
  <select id="selectByExample" parameterType="com.shenshenshen.ncwuwdsq.domain.QuestionCareExample" resultMap="BaseResultMap">
    select
    <if test="distinct">
      distinct
    </if>
    <include refid="Base_Column_List" />
    from question_care
    <if test="_parameter != null">
      <include refid="Example_Where_Clause" />
    </if>
    <if test="orderByClause != null">
      order by ${orderByClause}
    </if>
  </select>
  <delete id="deleteByExample" parameterType="com.shenshenshen.ncwuwdsq.domain.QuestionCareExample">
    delete from question_care
    <if test="_parameter != null">
      <include refid="Example_Where_Clause" />
    </if>
  </delete>
  <insert id="insert" parameterType="com.shenshenshen.ncwuwdsq.domain.QuestionCare">
    insert into question_care (rowguid, be_cared_questionid, userid, 
      date)
    values (#{rowguid,jdbcType=VARCHAR}, #{beCaredQuestionid,jdbcType=VARCHAR}, #{userid,jdbcType=VARCHAR}, 
      #{date,jdbcType=TIMESTAMP})
  </insert>
  <insert id="insertSelective" parameterType="com.shenshenshen.ncwuwdsq.domain.QuestionCare">
    insert into question_care
    <trim prefix="(" suffix=")" suffixOverrides=",">
      <if test="rowguid != null">
        rowguid,
      </if>
      <if test="beCaredQuestionid != null">
        be_cared_questionid,
      </if>
      <if test="userid != null">
        userid,
      </if>
      <if test="date != null">
        date,
      </if>
    </trim>
    <trim prefix="values (" suffix=")" suffixOverrides=",">
      <if test="rowguid != null">
        #{rowguid,jdbcType=VARCHAR},
      </if>
      <if test="beCaredQuestionid != null">
        #{beCaredQuestionid,jdbcType=VARCHAR},
      </if>
      <if test="userid != null">
        #{userid,jdbcType=VARCHAR},
      </if>
      <if test="date != null">
        #{date,jdbcType=TIMESTAMP},
      </if>
    </trim>
  </insert>
  <select id="countByExample" parameterType="com.shenshenshen.ncwuwdsq.domain.QuestionCareExample" resultType="java.lang.Integer">
    select count(*) from question_care
    <if test="_parameter != null">
      <include refid="Example_Where_Clause" />
    </if>
  </select>
  <update id="updateByExampleSelective" parameterType="map">
    update question_care
    <set>
      <if test="record.rowguid != null">
        rowguid = #{record.rowguid,jdbcType=VARCHAR},
      </if>
      <if test="record.beCaredQuestionid != null">
        be_cared_questionid = #{record.beCaredQuestionid,jdbcType=VARCHAR},
      </if>
      <if test="record.userid != null">
        userid = #{record.userid,jdbcType=VARCHAR},
      </if>
      <if test="record.date != null">
        date = #{record.date,jdbcType=TIMESTAMP},
      </if>
    </set>
    <if test="_parameter != null">
      <include refid="Update_By_Example_Where_Clause" />
    </if>
  </update>
  <update id="updateByExample" parameterType="map">
    update question_care
    set rowguid = #{record.rowguid,jdbcType=VARCHAR},
      be_cared_questionid = #{record.beCaredQuestionid,jdbcType=VARCHAR},
      userid = #{record.userid,jdbcType=VARCHAR},
      date = #{record.date,jdbcType=TIMESTAMP}
    <if test="_parameter != null">
      <include refid="Update_By_Example_Where_Clause" />
    </if>
  </update>
</mapper>