<?xml version="1.0" encoding="UTF-8"?>
<!DOCTYPE mapper PUBLIC "-//mybatis.org//DTD Mapper 3.0//EN" "http://mybatis.org/dtd/mybatis-3-mapper.dtd">
<mapper namespace="com.shenshenshen.ncwuwdsq.mapper.RecordUserAgreeAnswerArticleMapper">
  <resultMap id="BaseResultMap" type="com.shenshenshen.ncwuwdsq.domain.RecordUserAgreeAnswerArticle">
    <result column="rowguid" jdbcType="VARCHAR" property="rowguid" />
    <result column="agree_user" jdbcType="VARCHAR" property="agreeUser" />
    <result column="answerid" jdbcType="VARCHAR" property="answerid" />
    <result column="date" jdbcType="TIMESTAMP" property="date" />
    <result column="to_user" jdbcType="VARCHAR" property="toUser" />
    <result column="type" jdbcType="INTEGER" property="type" />
    <result column="articleid" jdbcType="VARCHAR" property="articleid" />
  </resultMap>
  <sql id="Example_Where_Clause">
    <where>
      <foreach collection="oredCriteria" item="criteria" separator="or">
        <if test="criteria.valid">
          <trim prefix="(" prefixOverrides="and" suffix=")">
            <foreach collection="criteria.criteria" item="criterion">
              <choose>
                <when test="criterion.noValue">
                  and ${criterion.condition}
                </when>
                <when test="criterion.singleValue">
                  and ${criterion.condition} #{criterion.value}
                </when>
                <when test="criterion.betweenValue">
                  and ${criterion.condition} #{criterion.value} and #{criterion.secondValue}
                </when>
                <when test="criterion.listValue">
                  and ${criterion.condition}
                  <foreach close=")" collection="criterion.value" item="listItem" open="(" separator=",">
                    #{listItem}
                  </foreach>
                </when>
              </choose>
            </foreach>
          </trim>
        </if>
      </foreach>
    </where>
  </sql>
  <sql id="Update_By_Example_Where_Clause">
    <where>
      <foreach collection="example.oredCriteria" item="criteria" separator="or">
        <if test="criteria.valid">
          <trim prefix="(" prefixOverrides="and" suffix=")">
            <foreach collection="criteria.criteria" item="criterion">
              <choose>
                <when test="criterion.noValue">
                  and ${criterion.condition}
                </when>
                <when test="criterion.singleValue">
                  and ${criterion.condition} #{criterion.value}
                </when>
                <when test="criterion.betweenValue">
                  and ${criterion.condition} #{criterion.value} and #{criterion.secondValue}
                </when>
                <when test="criterion.listValue">
                  and ${criterion.condition}
                  <foreach close=")" collection="criterion.value" item="listItem" open="(" separator=",">
                    #{listItem}
                  </foreach>
                </when>
              </choose>
            </foreach>
          </trim>
        </if>
      </foreach>
    </where>
  </sql>
  <sql id="Base_Column_List">
    rowguid, agree_user, answerid, date, to_user, type, articleid
  </sql>
  <select id="selectByExample" parameterType="com.shenshenshen.ncwuwdsq.domain.RecordUserAgreeAnswerArticleExample" resultMap="BaseResultMap">
    select
    <if test="distinct">
      distinct
    </if>
    <include refid="Base_Column_List" />
    from record_user_agree_answer_article
    <if test="_parameter != null">
      <include refid="Example_Where_Clause" />
    </if>
    <if test="orderByClause != null">
      order by ${orderByClause}
    </if>
  </select>
  <delete id="deleteByExample" parameterType="com.shenshenshen.ncwuwdsq.domain.RecordUserAgreeAnswerArticleExample">
    delete from record_user_agree_answer_article
    <if test="_parameter != null">
      <include refid="Example_Where_Clause" />
    </if>
  </delete>
  <insert id="insert" parameterType="com.shenshenshen.ncwuwdsq.domain.RecordUserAgreeAnswerArticle">
    insert into record_user_agree_answer_article (rowguid, agree_user, answerid, 
      date, to_user, type, 
      articleid)
    values (#{rowguid,jdbcType=VARCHAR}, #{agreeUser,jdbcType=VARCHAR}, #{answerid,jdbcType=VARCHAR}, 
      #{date,jdbcType=TIMESTAMP}, #{toUser,jdbcType=VARCHAR}, #{type,jdbcType=INTEGER}, 
      #{articleid,jdbcType=VARCHAR})
  </insert>
  <insert id="insertSelective" parameterType="com.shenshenshen.ncwuwdsq.domain.RecordUserAgreeAnswerArticle">
    insert into record_user_agree_answer_article
    <trim prefix="(" suffix=")" suffixOverrides=",">
      <if test="rowguid != null">
        rowguid,
      </if>
      <if test="agreeUser != null">
        agree_user,
      </if>
      <if test="answerid != null">
        answerid,
      </if>
      <if test="date != null">
        date,
      </if>
      <if test="toUser != null">
        to_user,
      </if>
      <if test="type != null">
        type,
      </if>
      <if test="articleid != null">
        articleid,
      </if>
    </trim>
    <trim prefix="values (" suffix=")" suffixOverrides=",">
      <if test="rowguid != null">
        #{rowguid,jdbcType=VARCHAR},
      </if>
      <if test="agreeUser != null">
        #{agreeUser,jdbcType=VARCHAR},
      </if>
      <if test="answerid != null">
        #{answerid,jdbcType=VARCHAR},
      </if>
      <if test="date != null">
        #{date,jdbcType=TIMESTAMP},
      </if>
      <if test="toUser != null">
        #{toUser,jdbcType=VARCHAR},
      </if>
      <if test="type != null">
        #{type,jdbcType=INTEGER},
      </if>
      <if test="articleid != null">
        #{articleid,jdbcType=VARCHAR},
      </if>
    </trim>
  </insert>
  <select id="countByExample" parameterType="com.shenshenshen.ncwuwdsq.domain.RecordUserAgreeAnswerArticleExample" resultType="java.lang.Integer">
    select count(*) from record_user_agree_answer_article
    <if test="_parameter != null">
      <include refid="Example_Where_Clause" />
    </if>
  </select>
  <update id="updateByExampleSelective" parameterType="map">
    update record_user_agree_answer_article
    <set>
      <if test="record.rowguid != null">
        rowguid = #{record.rowguid,jdbcType=VARCHAR},
      </if>
      <if test="record.agreeUser != null">
        agree_user = #{record.agreeUser,jdbcType=VARCHAR},
      </if>
      <if test="record.answerid != null">
        answerid = #{record.answerid,jdbcType=VARCHAR},
      </if>
      <if test="record.date != null">
        date = #{record.date,jdbcType=TIMESTAMP},
      </if>
      <if test="record.toUser != null">
        to_user = #{record.toUser,jdbcType=VARCHAR},
      </if>
      <if test="record.type != null">
        type = #{record.type,jdbcType=INTEGER},
      </if>
      <if test="record.articleid != null">
        articleid = #{record.articleid,jdbcType=VARCHAR},
      </if>
    </set>
    <if test="_parameter != null">
      <include refid="Update_By_Example_Where_Clause" />
    </if>
  </update>
  <update id="updateByExample" parameterType="map">
    update record_user_agree_answer_article
    set rowguid = #{record.rowguid,jdbcType=VARCHAR},
      agree_user = #{record.agreeUser,jdbcType=VARCHAR},
      answerid = #{record.answerid,jdbcType=VARCHAR},
      date = #{record.date,jdbcType=TIMESTAMP},
      to_user = #{record.toUser,jdbcType=VARCHAR},
      type = #{record.type,jdbcType=INTEGER},
      articleid = #{record.articleid,jdbcType=VARCHAR}
    <if test="_parameter != null">
      <include refid="Update_By_Example_Where_Clause" />
    </if>
  </update>
</mapper>