<?xml version="1.0" encoding="UTF-8"?>
<!DOCTYPE mapper PUBLIC "-//mybatis.org//DTD Mapper 3.0//EN" "http://mybatis.org/dtd/mybatis-3-mapper.dtd">
<mapper namespace="com.shenshenshen.ncwuwdsq.mapper.UserinfoMapper">
  <resultMap id="BaseResultMap" type="com.shenshenshen.ncwuwdsq.domain.Userinfo">
    <result column="userid" jdbcType="VARCHAR" property="userid" />
    <result column="loginid" jdbcType="VARCHAR" property="loginid" />
    <result column="password" jdbcType="VARCHAR" property="password" />
    <result column="username" jdbcType="VARCHAR" property="username" />
    <result column="sex" jdbcType="INTEGER" property="sex" />
    <result column="birthday" jdbcType="DATE" property="birthday" />
    <result column="sign" jdbcType="VARCHAR" property="sign" />
    <result column="mail" jdbcType="VARCHAR" property="mail" />
    <result column="phone" jdbcType="VARCHAR" property="phone" />
    <result column="liketype" jdbcType="VARCHAR" property="liketype" />
    <result column="qq" jdbcType="VARCHAR" property="qq" />
    <result column="shownews" jdbcType="INTEGER" property="shownews" />
  </resultMap>
  <sql id="Example_Where_Clause">
    <where>
      <foreach collection="oredCriteria" item="criteria" separator="or">
        <if test="criteria.valid">
          <trim prefix="(" prefixOverrides="and" suffix=")">
            <foreach collection="criteria.criteria" item="criterion">
              <choose>
                <when test="criterion.noValue">
                  and ${criterion.condition}
                </when>
                <when test="criterion.singleValue">
                  and ${criterion.condition} #{criterion.value}
                </when>
                <when test="criterion.betweenValue">
                  and ${criterion.condition} #{criterion.value} and #{criterion.secondValue}
                </when>
                <when test="criterion.listValue">
                  and ${criterion.condition}
                  <foreach close=")" collection="criterion.value" item="listItem" open="(" separator=",">
                    #{listItem}
                  </foreach>
                </when>
              </choose>
            </foreach>
          </trim>
        </if>
      </foreach>
    </where>
  </sql>
  <sql id="Update_By_Example_Where_Clause">
    <where>
      <foreach collection="example.oredCriteria" item="criteria" separator="or">
        <if test="criteria.valid">
          <trim prefix="(" prefixOverrides="and" suffix=")">
            <foreach collection="criteria.criteria" item="criterion">
              <choose>
                <when test="criterion.noValue">
                  and ${criterion.condition}
                </when>
                <when test="criterion.singleValue">
                  and ${criterion.condition} #{criterion.value}
                </when>
                <when test="criterion.betweenValue">
                  and ${criterion.condition} #{criterion.value} and #{criterion.secondValue}
                </when>
                <when test="criterion.listValue">
                  and ${criterion.condition}
                  <foreach close=")" collection="criterion.value" item="listItem" open="(" separator=",">
                    #{listItem}
                  </foreach>
                </when>
              </choose>
            </foreach>
          </trim>
        </if>
      </foreach>
    </where>
  </sql>
  <sql id="Base_Column_List">
    userid, loginid, password, username, sex, birthday, sign, mail, phone, liketype, 
    qq, shownews
  </sql>
  <select id="selectByExample" parameterType="com.shenshenshen.ncwuwdsq.domain.UserinfoExample" resultMap="BaseResultMap">
    select
    <if test="distinct">
      distinct
    </if>
    <include refid="Base_Column_List" />
    from userinfo
    <if test="_parameter != null">
      <include refid="Example_Where_Clause" />
    </if>
    <if test="orderByClause != null">
      order by ${orderByClause}
    </if>
  </select>
  <delete id="deleteByExample" parameterType="com.shenshenshen.ncwuwdsq.domain.UserinfoExample">
    delete from userinfo
    <if test="_parameter != null">
      <include refid="Example_Where_Clause" />
    </if>
  </delete>
  <insert id="insert" parameterType="com.shenshenshen.ncwuwdsq.domain.Userinfo">
    insert into userinfo (userid, loginid, password, 
      username, sex, birthday, 
      sign, mail, phone, 
      liketype, qq, shownews
      )
    values (#{userid,jdbcType=VARCHAR}, #{loginid,jdbcType=VARCHAR}, #{password,jdbcType=VARCHAR}, 
      #{username,jdbcType=VARCHAR}, #{sex,jdbcType=INTEGER}, #{birthday,jdbcType=DATE}, 
      #{sign,jdbcType=VARCHAR}, #{mail,jdbcType=VARCHAR}, #{phone,jdbcType=VARCHAR}, 
      #{liketype,jdbcType=VARCHAR}, #{qq,jdbcType=VARCHAR}, #{shownews,jdbcType=INTEGER}
      )
  </insert>
  <insert id="insertSelective" parameterType="com.shenshenshen.ncwuwdsq.domain.Userinfo">
    insert into userinfo
    <trim prefix="(" suffix=")" suffixOverrides=",">
      <if test="userid != null">
        userid,
      </if>
      <if test="loginid != null">
        loginid,
      </if>
      <if test="password != null">
        password,
      </if>
      <if test="username != null">
        username,
      </if>
      <if test="sex != null">
        sex,
      </if>
      <if test="birthday != null">
        birthday,
      </if>
      <if test="sign != null">
        sign,
      </if>
      <if test="mail != null">
        mail,
      </if>
      <if test="phone != null">
        phone,
      </if>
      <if test="liketype != null">
        liketype,
      </if>
      <if test="qq != null">
        qq,
      </if>
      <if test="shownews != null">
        shownews,
      </if>
    </trim>
    <trim prefix="values (" suffix=")" suffixOverrides=",">
      <if test="userid != null">
        #{userid,jdbcType=VARCHAR},
      </if>
      <if test="loginid != null">
        #{loginid,jdbcType=VARCHAR},
      </if>
      <if test="password != null">
        #{password,jdbcType=VARCHAR},
      </if>
      <if test="username != null">
        #{username,jdbcType=VARCHAR},
      </if>
      <if test="sex != null">
        #{sex,jdbcType=INTEGER},
      </if>
      <if test="birthday != null">
        #{birthday,jdbcType=DATE},
      </if>
      <if test="sign != null">
        #{sign,jdbcType=VARCHAR},
      </if>
      <if test="mail != null">
        #{mail,jdbcType=VARCHAR},
      </if>
      <if test="phone != null">
        #{phone,jdbcType=VARCHAR},
      </if>
      <if test="liketype != null">
        #{liketype,jdbcType=VARCHAR},
      </if>
      <if test="qq != null">
        #{qq,jdbcType=VARCHAR},
      </if>
      <if test="shownews != null">
        #{shownews,jdbcType=INTEGER},
      </if>
    </trim>
  </insert>
  <select id="countByExample" parameterType="com.shenshenshen.ncwuwdsq.domain.UserinfoExample" resultType="java.lang.Integer">
    select count(*) from userinfo
    <if test="_parameter != null">
      <include refid="Example_Where_Clause" />
    </if>
  </select>
  <update id="updateByExampleSelective" parameterType="map">
    update userinfo
    <set>
      <if test="record.userid != null">
        userid = #{record.userid,jdbcType=VARCHAR},
      </if>
      <if test="record.loginid != null">
        loginid = #{record.loginid,jdbcType=VARCHAR},
      </if>
      <if test="record.password != null">
        password = #{record.password,jdbcType=VARCHAR},
      </if>
      <if test="record.username != null">
        username = #{record.username,jdbcType=VARCHAR},
      </if>
      <if test="record.sex != null">
        sex = #{record.sex,jdbcType=INTEGER},
      </if>
      <if test="record.birthday != null">
        birthday = #{record.birthday,jdbcType=DATE},
      </if>
      <if test="record.sign != null">
        sign = #{record.sign,jdbcType=VARCHAR},
      </if>
      <if test="record.mail != null">
        mail = #{record.mail,jdbcType=VARCHAR},
      </if>
      <if test="record.phone != null">
        phone = #{record.phone,jdbcType=VARCHAR},
      </if>
      <if test="record.liketype != null">
        liketype = #{record.liketype,jdbcType=VARCHAR},
      </if>
      <if test="record.qq != null">
        qq = #{record.qq,jdbcType=VARCHAR},
      </if>
      <if test="record.shownews != null">
        shownews = #{record.shownews,jdbcType=INTEGER},
      </if>
    </set>
    <if test="_parameter != null">
      <include refid="Update_By_Example_Where_Clause" />
    </if>
  </update>
  <update id="updateByExample" parameterType="map">
    update userinfo
    set userid = #{record.userid,jdbcType=VARCHAR},
      loginid = #{record.loginid,jdbcType=VARCHAR},
      password = #{record.password,jdbcType=VARCHAR},
      username = #{record.username,jdbcType=VARCHAR},
      sex = #{record.sex,jdbcType=INTEGER},
      birthday = #{record.birthday,jdbcType=DATE},
      sign = #{record.sign,jdbcType=VARCHAR},
      mail = #{record.mail,jdbcType=VARCHAR},
      phone = #{record.phone,jdbcType=VARCHAR},
      liketype = #{record.liketype,jdbcType=VARCHAR},
      qq = #{record.qq,jdbcType=VARCHAR},
      shownews = #{record.shownews,jdbcType=INTEGER}
    <if test="_parameter != null">
      <include refid="Update_By_Example_Where_Clause" />
    </if>
  </update>
</mapper>