<?xml version="1.0" encoding="UTF-8"?>
<!DOCTYPE generatorConfiguration PUBLIC "-//mybatis.org//DTD MyBatis Generator Configuration 1.0//EN" "http://mybatis.org/dtd/mybatis-generator-config_1_0.dtd">
 
<generatorConfiguration>
  <context id="DB2Tables" targetRuntime="MyBatis3">
    <commentGenerator>
    	<!-- 是否去除自动生成的注释 -->
    	<property name="suppressAllComments" value="true"/>
    </commentGenerator>
    <!-- Mysql数据库连接的信息：驱动类、连接地址、用户名、密码 -->
    <jdbcConnection driverClass="com.mysql.jdbc.Driver"
        connectionURL="jdbc:mysql://localhost:3306/shenshenshen"
        userId="root"
        password="Gepoint">
    </jdbcConnection>
	
	<!-- 默认为false，把JDBC DECIMAL 和NUMERIC类型解析为Integer，为true时
	把JDBC DECIMAL 和NUMERIC类型解析为java.math.BigDecimal -->
    <javaTypeResolver >
		<property name="forceBigDecimals" value="false" />
    </javaTypeResolver>
	
	<!-- targetProject：生成POJO类的位置 -->
    <javaModelGenerator targetPackage="com.shenshenshen.ncwuwdsq.domain" targetProject="C:/work/workspace/shenshenshen2.0/src/main/java">
		<!-- enableSubPackages:是否让schema作为包的后缀 -->
		<property name="enableSubPackages" value="false" />
		<!-- 从数据库返回的值被清理前后的空格 -->
		<property name="trimStrings" value="true" />
    </javaModelGenerator>
    
	<!-- targetProject：mapper映射文件生成的位置 -->
    <sqlMapGenerator targetPackage="com.shenshenshen.ncwuwdsq.dao"  targetProject="C:/work/workspace/shenshenshen2.0/src/main/java">
		<!-- enableSubPackages:是否让schema作为包的后缀 -->
		<property name="enableSubPackages" value="false" />
    </sqlMapGenerator>
    
	<!-- targetProject：mapper接口生成的的位置 -->
	<javaClientGenerator type="XMLMAPPER" targetPackage="com.shenshenshen.ncwuwdsq.mapper"  targetProject="C:/work/workspace/shenshenshen2.0/src/main/java">
		<!-- enableSubPackages:是否让schema作为包的后缀 -->
		<property name="enableSubPackages" value="false" />
    </javaClientGenerator>
    
	<!-- 指定数据表 -->
	<table schema="" tableName="answerinfo"></table>
	<table schema="" tableName="article_comment"></table>
	<table schema="" tableName="articleinfo"></table>
	<table schema="" tableName="comment"></table>
	<table schema="" tableName="loginrecord"></table>
	<table schema="" tableName="questioninfo"></table>
	<table schema="" tableName="record_user_agree_answer_article"></table>
	<table schema="" tableName="record_user_against_answer_article"></table>
	<table schema="" tableName="record_user_like_answer_article"></table>
	<table schema="" tableName="userinfo"></table>
	<table schema="" tableName="questiontype"></table>
	<table schema="" tableName="user_care"></table>
	<table schema="" tableName="question_care"></table>
	<table schema="" tableName="draftinfo"></table>		
    <table schema="" tableName="pushinfo"></table>
    <table schema="" tableName="letter"></table>
    <!-- 有些表的字段需要指定java类型 
    <table schema="DB2ADMIN" tableName="ALLTYPES" domainObjectName="Customer" >
      <property name="useActualColumnNames" value="true"/>
      <generatedKey column="ID" sqlStatement="DB2" identity="true" />
      <columnOverride column="DATE_FIELD" property="startDate" />
      <ignoreColumn column="FRED" />
      <columnOverride column="LONG_VARCHAR_FIELD" jdbcType="VARCHAR" />
    </table> -->
 
  </context>
</generatorConfiguration>
